﻿sample,category,value
DTRCC3,Biological process,resection
DTRCC4,Biological process,resection
DTRCC5,Biological process,resection
DTRCC6,Biological process,resection
DTRCC7,Biological process,none
DTRCC8,Biological process,biopsy
DTRCC9,Biological process,resection
DTRCC10,Biological process,resection
DTRCC11,Biological process,resection
DTRCC12_1,Biological process,biopsy
DTRCC12_2,Biological process,biopsy
DTRCC13,Biological process,resection
DTRCC14,Biological process,resection
DTRCC15,Biological process,resection
RTRCC16_1,Biological process,resection
RTRCC16_2,Biological process,resection
RTRCC_17,Biological process,resection
BTRCC_18,Biological process,resection