﻿sample,category,value
DTRCC3,Normal control,Blood
DTRCC4,Normal control,Blood
DTRCC5,Normal control,Blood
DTRCC6,Normal control,Adj Normal
DTRCC7,Normal control,Adj Kidney
DTRCC8,Normal control,Blood
DTRCC9,Normal control,Blood
DTRCC10,Normal control,Blood
DTRCC11,Normal control,Adj Normal
DTRCC12_1,Normal control,Blood
DTRCC12_2,Normal control,Blood
DTRCC13,Normal control,Blood
DTRCC14,Normal control,Adj Normal
DTRCC15,Normal control,Adj Normal
RTRCC16_1,Normal control,Blood
RTRCC16_2,Normal control,Blood
RTRCC_17,Normal control,Blood
BTRCC_18,Normal control,Adj Normal