﻿sample,category,value
DTRCC3,Bulk RNA-seq,Not applicable
DTRCC4,Bulk RNA-seq,Not applicable
DTRCC5,Bulk RNA-seq,X
DTRCC6,Bulk RNA-seq,X
DTRCC7,Bulk RNA-seq,Not applicable
DTRCC8,Bulk RNA-seq,X
DTRCC9,Bulk RNA-seq,Not applicable
DTRCC10,Bulk RNA-seq,X
DTRCC11,Bulk RNA-seq,X
DTRCC12_1,Bulk RNA-seq,X
DTRCC12_2,Bulk RNA-seq,X
DTRCC13,Bulk RNA-seq,X
DTRCC14,Bulk RNA-seq,X
DTRCC15,Bulk RNA-seq,Not applicable
RTRCC16_1,Bulk RNA-seq,Not applicable
RTRCC16_2,Bulk RNA-seq,Not applicable
RTRCC_17,Bulk RNA-seq,X
BTRCC_18,Bulk RNA-seq,X