sample,category,value
DTRCC3,Sample type,FFPE
DTRCC4,Sample type,FFPE
DTRCC5,Sample type,Frozen
DTRCC6,Sample type,Frozen
DTRCC7,Sample type,FFPE
DTRCC8,Sample type,Frozen
DTRCC9,Sample type,FFPE
DTRCC10,Sample type,Frozen
DTRCC11,Sample type,Frozen
DTRCC12_1,Sample type,Frozen
DTRCC12_2,Sample type,Frozen
DTRCC13,Sample type,Frozen
DTRCC14,Sample type,Frozen
DTRCC15,Sample type,Frozen
RTRCC16_1,Sample type,Frozen
RTRCC16_2,Sample type,Frozen
RTRCC_17,Sample type,Frozen
BTRCC_18,Sample type,Frozen