﻿sample,category,value
DTRCC3,Tumor site,Primary R Kidney
DTRCC4,Tumor site,LUL Met
DTRCC5,Tumor site,LPA Node
DTRCC6,Tumor site,Primary R Kidney
DTRCC7,Tumor site,R Kidney
DTRCC8,Tumor site,L Kidney
DTRCC9,Tumor site,Primary R Kidney
DTRCC10,Tumor site,Primary R Kidney
DTRCC11,Tumor site,Primary R Kidney
DTRCC12_1,Tumor site,Psoas Muscle Met
DTRCC12_2,Tumor site,Psoas Muscle Met
DTRCC13,Tumor site,LN Met
DTRCC14,Tumor site,Primary L Kidney
DTRCC15,Tumor site,Primary R Kidney
RTRCC16_1,Tumor site,Primary Kidney
RTRCC16_2,Tumor site,LN Met
RTRCC_17,Tumor site,Primary Kidney
BTRCC_18,Tumor site,Primary Kidney