﻿sample,category,value
DTRCC3,WGS type,standard
DTRCC4,WGS type,standard
DTRCC5,WGS type,linked-read
DTRCC6,WGS type,linked-read
DTRCC7,WGS type,standard
DTRCC8,WGS type,linked-read
DTRCC9,WGS type,standard
DTRCC10,WGS type,linked-read
DTRCC11,WGS type,standard
DTRCC12_1,WGS type,standard
DTRCC12_2,WGS type,standard
DTRCC13,WGS type,standard
DTRCC14,WGS type,standard
DTRCC15,WGS type,standard
RTRCC16_1,WGS type,standard
RTRCC16_2,WGS type,standard
RTRCC_17,WGS type,standard
BTRCC_18,WGS type,standard